Workbook

Sheet Registrering
A1: Löpnummer | B1: Klass | C1: Datum | D1: Skoltrivsel | E1: Trygghet i skolan | F1: Närvaro/skolanknytning | G1: Familj/relationer hemma | H1: Kamratrelationer/social situation | I1: Psykiskt mående | J1: Stress/oro | K1: Sömn | L1: Fritid/meningsfull aktivitet | M1: Tillgång till trygg vuxen/stöd | N1: Oro inför högstadiet | O1: Skyddsfaktor(er) | P1: Uppmärksamhetsområde(n) | Q1: Uppföljning | R1: Uppföljningstyp | S1: Kort kommentar
A2: 1
A3: 2
A4: 3
A5: 4
A6: 5
A7: 6
A8: 7
A9: 8
A10: 9
A11: 10
A12: 11
A13: 12
... A201: 200

Sheet Dashboard
A1: Trivselsamtal ÅK 6 – Pilotdashboard
A3: Översikt
A4: Antal registrerade samtal | B4: =COUNTA(Registrering!C2:C201) -> 0
A5: Antal med uppföljning | B5: =COUNTIF(Registrering!Q2:Q201,"Ja") -> 0
A6: Andel med uppföljning | B6: =IFERROR(B5/B4,0) -> 0
A7: Andel med någon oro inför högstadiet | B7: =IFERROR((COUNTIF(Registrering!N2:N201,"Gul")+COUNTIF(Registrering!N2:N201,"Röd"))/COUNTA(Registrering!N2:N201),0) -> 0
A10: Område | B10: Grön | C10: Gul | D10: Röd | E10: Ej registrerat
A11: Skoltrivsel | B11: =COUNTIF(Registrering!D2:D201,"Grön") -> 0 | C11: =COUNTIF(Registrering!D2:D201,"Gul") -> 0 | D11: =COUNTIF(Registrering!D2:D201,"Röd") -> 0 | E11: =COUNTIFS(Registrering!C2:C201,"<>",Registrering!D2:D201,"") -> 0
A12: Trygghet i skolan | B12: =COUNTIF(Registrering!E2:E201,"Grön") -> 0 | C12: =COUNTIF(Registrering!E2:E201,"Gul") -> 0 | D12: =COUNTIF(Registrering!E2:E201,"Röd") -> 0 | E12: =COUNTIFS(Registrering!C2:C201,"<>",Registrering!E2:E201,"") -> 0
A13: Närvaro/skolanknytning | B13: =COUNTIF(Registrering!F2:F201,"Grön") -> 0 | C13: =COUNTIF(Registrering!F2:F201,"Gul") -> 0 | D13: =COUNTIF(Registrering!F2:F201,"Röd") -> 0 | E13: =COUNTIFS(Registrering!C2:C201,"<>",Registrering!F2:F201,"") -> 0
A14: Familj/relationer hemma | B14: =COUNTIF(Registrering!G2:G201,"Grön") -> 0 | C14: =COUNTIF(Registrering!G2:G201,"Gul") -> 0 | D14: =COUNTIF(Registrering!G2:G201,"Röd") -> 0 | E14: =COUNTIFS(Registrering!C2:C201,"<>",Registrering!G2:G201,"") -> 0
A15: Kamratrelationer/social situation | B15: =COUNTIF(Registrering!H2:H201,"Grön") -> 0 | C15: =COUNTIF(Registrering!H2:H201,"Gul") -> 0 | D15: =COUNTIF(Registrering!H2:H201,"Röd") -> 0 | E15: =COUNTIFS(Registrering!C2:C201,"<>",Registrering!H2:H201,"") -> 0
A16: Psykiskt mående | B16: =COUNTIF(Registrering!I2:I201,"Grön") -> 0 | C16: =COUNTIF(Registrering!I2:I201,"Gul") -> 0 | D16: =COUNTIF(Registrering!I2:I201,"Röd") -> 0 | E16: =COUNTIFS(Registrering!C2:C201,"<>",Registrering!I2:I201,"") -> 0
A17: Stress/oro | B17: =COUNTIF(Registrering!J2:J201,"Grön") -> 0 | C17: =COUNTIF(Registrering!J2:J201,"Gul") -> 0 | D17: =COUNTIF(Registrering!J2:J201,"Röd") -> 0 | E17: =COUNTIFS(Registrering!C2:C201,"<>",Registrering!J2:J201,"") -> 0
A18: Sömn | B18: =COUNTIF(Registrering!K2:K201,"Grön") -> 0 | C18: =COUNTIF(Registrering!K2:K201,"Gul") -> 0 | D18: =COUNTIF(Registrering!K2:K201,"Röd") -> 0 | E18: =COUNTIFS(Registrering!C2:C201,"<>",Registrering!K2:K201,"") -> 0
A19: Fritid/meningsfull aktivitet | B19: =COUNTIF(Registrering!L2:L201,"Grön") -> 0 | C19: =COUNTIF(Registrering!L2:L201,"Gul") -> 0 | D19: =COUNTIF(Registrering!L2:L201,"Röd") -> 0 | E19: =COUNTIFS(Registrering!C2:C201,"<>",Registrering!L2:L201,"") -> 0
A20: Tillgång till trygg vuxen/stöd | B20: =COUNTIF(Registrering!M2:M201,"Grön") -> 0 | C20: =COUNTIF(Registrering!M2:M201,"Gul") -> 0 | D20: =COUNTIF(Registrering!M2:M201,"Röd") -> 0 | E20: =COUNTIFS(Registrering!C2:C201,"<>",Registrering!M2:M201,"") -> 0
A21: Oro inför högstadiet | B21: =COUNTIF(Registrering!N2:N201,"Grön") -> 0 | C21: =COUNTIF(Registrering!N2:N201,"Gul") -> 0 | D21: =COUNTIF(Registrering!N2:N201,"Röd") -> 0 | E21: =COUNTIFS(Registrering!C2:C201,"<>",Registrering!N2:N201,"") -> 0
A24: Pilotens genomförande
A25: Antal elever i målgruppen
A26: Genomförda samtal | B26: =COUNTA(Registrering!C2:C201) -> 0
A27: Genomförandegrad | B27: =IFERROR(B26/B25,0) -> 0
A28: Fyll i målgruppen manuellt i B25.
A29: Ett samtal räknas som registrerat när datum är ifyllt i Registrering.

Sheet Utvärdering
A1: Utvärdering av pilotprojektet
A3: 1. Hur många elever genomförde samtal?
A4: 2. Vilka områden återkom oftast?
A5: 3. Hur många elever behövde uppföljning?
A6: 4. Vilka typer av insatser behövdes?
A7: 5. Vilka behov upptäcktes som inte varit kända tidigare?
A8: 6. Vilka skyddsfaktorer var vanligast?
A9: 7. Hur upplevde eleverna samtalet?
A10: 8. Vad fungerade bra?
A11: 9. Vad behöver ändras?
A12: 10. Bör samtalen fortsätta i ÅK 6?
A13: 11. Bör modellen prövas även i ÅK 3?

Sheet Instruktion
A1: Instruktion – Trivselsamtal ÅK 6 pilot
A3: Löpnummer | B3: Använd löpnummer i statistikfilen, inte namn eller personnummer.
A4: Bedömning | B4: Bedöm varje område separat. Grön/gul/röd är ett arbetsstöd – inte en diagnos eller automatisk riskklassificering.
A5: Synkning | B5: Alla bedömningsområden i Excel motsvarar frågor i samtalsunderlaget och dokumentationsbladet.
A6: Skyddsfaktorer | B6: Registrera kort vilka resurser som framkom, exempelvis trygg vuxen, vänner, fritid eller fungerande strategier.
A7: Sekretess | B7: Dashboard och rapportering ska användas på gruppnivå och med hänsyn till sekretess och små grupper.
A8: Pilot | B8: Fyll i målgruppen på Dashboard och registrera samtalen löpande. Utvärdera helheten tillsammans med EHT.
